"ObjGeographyID","ObjectID","GeoCodeID","Continent","SubContinent","Country","Region","River","State","County","City","Locale","Building","Excavation","Locus","Notes","LoginID","EnteredDate","Township","PoliticalRegion","Nation","RegionalCorp","VillageCorporation","CulturalRegion","Longitude","Latitude","UTM","Easting","Northing","Elevation","MapReferenceNumber","SubRegion","Lot","Concession","PrimaryDisplay","KeyFieldsSearchValue","GSRowVersion"
"910","796","1",,,"USA",,,"North Carolina",,"Highlands (near)",,,,,,"Conversion","2012-05-15 00:00:00.000",,,,,,,,,,".000",".000",,,,,,"1","USA North Carolina Highlands (near) 0.000 0.000","0x000000000537D893"
"1427","1350","1",,,"USA",,,"North Carolina",,"Currituck",,,,,,"Conversion","2012-05-15 00:00:00.000",,,,,,,,,,".000",".000",,,,,,"0","USA North Carolina Currituck 0.000 0.000","0x000000000537DB46"
"2568","2263","1",,,"USA",,,"North Carolina",,"Beria",,,,,,"Conversion","2012-05-15 00:00:00.000",,,,,,,,,,".000",".000",,,,,,"0","USA North Carolina Beria 0.000 0.000","0x000000000537DF65"
"2567","2302","1",,,"USA",,,"North Carolina",,"Beria",,,,,,"Conversion","2012-05-15 00:00:00.000",,,,,,,,,,".000",".000",,,,,,"0","USA North Carolina Beria 0.000 0.000","0x000000000537DF97"
"2569","2303","1",,,"USA",,,"North Carolina",,"Beria",,,,,,"Conversion","2012-05-15 00:00:00.000",,,,,,,,,,".000",".000",,,,,,"0","USA North Carolina Beria 0.000 0.000","0x000000000537DF99"
"2566","2372","1",,,"USA",,,"North Carolina",,"Beria",,,,,,"Conversion","2012-05-15 00:00:00.000",,,,,,,,,,".000",".000",,,,,,"0","USA North Carolina Beria 0.000 0.000","0x000000000537DFE6"
"2565","2415","1",,,"USA",,,"North Carolina",,"Beria",,,,,,"Conversion","2012-05-15 00:00:00.000",,,,,,,,,,".000",".000",,,,,,"0","USA North Carolina Beria 0.000 0.000","0x000000000537E01F"
"2571","2454","1",,,"USA",,,"North Carolina",,"Beria",,,,,,"Conversion","2012-05-15 00:00:00.000",,,,,,,,,,".000",".000",,,,,,"0","USA North Carolina Beria 0.000 0.000","0x000000000537E057"
"2570","2494","1",,,"USA",,,"North Carolina",,"Beria",,,,,,"Conversion","2012-05-15 00:00:00.000",,,,,,,,,,".000",".000",,,,,,"0","USA North Carolina Beria 0.000 0.000","0x000000000537E096"
"3428","3115","1",,,"USA",,,"North Carolina",,,,,,,,"Conversion","2012-05-15 00:00:00.000",,,,,,,,,,".000",".000",,,,,,"0","USA North Carolina 0.000 0.000","0x000000000537E380"
"3592","3135","1",,,"USA",,,"North Carolina",,,,,,,,"Conversion","2012-05-15 00:00:00.000",,,,,,,,,,".000",".000",,,,,,"0","USA North Carolina 0.000 0.000","0x000000000537E3A1"
"3593","3276","1",,,"USA",,,"North Carolina",,"Durham",,,,,,"Conversion","2012-05-15 00:00:00.000",,,,,,,,,,".000",".000",,,,,,"1","USA North Carolina Durham 0.000 0.000","0x000000000537E45B"
"3604","3575","1",,,"USA",,,"North Carolina",,"Yanceyville",,,,,,"Conversion","2012-05-15 00:00:00.000",,,,,,,,,,".000",".000",,,,,,"1","USA North Carolina Yanceyville 0.000 0.000","0x000000000537E5F2"
"5917","4614","1",,,"USA",,,"North Carolina",,"Cherokee (near)",,,,,,"Conversion","2012-05-15 00:00:00.000",,,,,,,,,,".000",".000",,,,,,"1","USA North Carolina Cherokee (near) 0.000 0.000","0x000000000537EC40"
"6648","5169","1",,,"USA",,,"North Carolina",,"Penland",,,,,,"Conversion","2012-05-15 00:00:00.000",,,,,,,,,,".000",".000",,,,,,"1","USA North Carolina Penland 0.000 0.000","0x000000000537F01A"
"6617","5547","1",,,"USA",,,"North Carolina",,"Wing",,,,,,"Conversion","2012-05-15 00:00:00.000",,,,,,,,,,".000",".000",,,,,,"0","USA North Carolina Wing 0.000 0.000","0x000000000537F346"
"6618","5558","1",,,"USA",,,"North Carolina",,"Penland",,,,,,"Conversion","2012-05-15 00:00:00.000",,,,,,,,,,".000",".000",,,,,,"1","USA North Carolina Penland 0.000 0.000","0x000000000537F35E"
"7509","5617","1",,,"USA",,,"North Carolina",,"Wadesboro",,,,,,"Conversion","2012-05-15 00:00:00.000",,,,,,,,,,".000",".000",,,,,,"1","USA North Carolina Wadesboro 0.000 0.000","0x000000000537F3C0"
"6629","6023","1",,,"USA",,,"North Carolina",,"Penland",,,,,,"Conversion","2012-05-15 00:00:00.000",,,,,,,,,,".000",".000",,,,,,"1","USA North Carolina Penland 0.000 0.000","0x000000000537F6BD"
"6626","6351","1",,,"USA",,,"North Carolina",,,,,,,,"Conversion","2012-05-15 00:00:00.000",,,,,,,,,,".000",".000",,,,,,"0","USA North Carolina 0.000 0.000","0x000000000537F93B"
"7521","6410","1",,,"USA",,,"North Carolina",,"Tallyho (near)",,,,,,"Conversion","2012-05-15 00:00:00.000",,,,,,,,,,".000",".000",,,,,,"0","USA North Carolina Tallyho (near) 0.000 0.000","0x000000000537F9A9"
"7797","6574","1",,,"USA",,,"North Carolina",,"Charlotte",,,,,,"Conversion","2012-05-15 00:00:00.000",,,,,,,,,,".000",".000",,,,,,"1","USA North Carolina Charlotte 0.000 0.000","0x000000000537FACF"
"6607","6723","1",,,"USA",,,"North Carolina",,"Charlotte",,,,,,"Conversion","2012-05-15 00:00:00.000",,,,,,,,,,".000",".000",,,,,,"1","USA North Carolina Charlotte 0.000 0.000","0x000000000537FBC0"
"8498","7131","1",,,"USA",,,"North Carolina",,"Kitty Hawk",,,,,,"Conversion","2012-05-15 00:00:00.000",,,,,,,,,,".000",".000",,,,,,"1","USA North Carolina Kitty Hawk 0.000 0.000","0x000000000537FE5F"
"8990","7734","1",,,"USA",,,"North Carolina",,"Penland",,,,,,"Conversion","2012-05-15 00:00:00.000",,,,,,,,,,".000",".000",,,,,,"1","USA North Carolina Penland 0.000 0.000","0x00000000053801DE"
"10299","9369","1",,,"USA",,,"North Carolina",,,,,,,,"Conversion","2012-05-15 00:00:00.000",,,,,,,,,,".000",".000",,,,,,"1","USA North Carolina 0.000 0.000","0x0000000005380B30"
"11133","9469","1",,,"USA",,,"North Carolina",,"Beria",,,,,,"Conversion","2012-05-15 00:00:00.000",,,,,,,,,,".000",".000",,,,,,"0","USA North Carolina Beria 0.000 0.000","0x0000000005380BCD"
"10845","9727","1",,,"USA",,,"North Carolina",,"Wendell",,,,,,"Conversion","2012-05-15 00:00:00.000",,,,,,,,,,".000",".000",,,,,,"1","USA North Carolina Wendell 0.000 0.000","0x0000000005380D51"
"11828","10204","1",,,"USA",,,"North Carolina",,"Durham",,,,,,"Conversion","2012-05-15 00:00:00.000",,,,,,,,,,".000",".000",,,,,,"1","USA North Carolina Durham 0.000 0.000","0x0000000005380FE8"
"11769","10903","1",,,"USA",,,"North Carolina",,"Durham",,,,,,"Conversion","2012-05-15 00:00:00.000",,,,,,,,,,".000",".000",,,,,,"1","USA North Carolina Durham 0.000 0.000","0x00000000053813C9"
"12776","11271","1",,,"USA",,,"North Carolina",,,,,,,,"Conversion","2012-05-15 00:00:00.000",,,,,,,,,,".000",".000",,,,,,"1","USA North Carolina 0.000 0.000","0x00000000053815F9"
"15123","12997","1",,,"USA",,,"North Carolina",,,,,,,,"Conversion","2012-05-15 00:00:00.000",,,,,,,,,,".000",".000",,,,,,"1","USA North Carolina 0.000 0.000","0x00000000053820C6"
"15334","14117","1",,,"USA",,,"North Carolina",,"PENLAND",,,,,,"Conversion","2012-05-15 00:00:00.000",,,,,,,,,,".000",".000",,,,,,"1","USA North Carolina PENLAND 0.000 0.000","0x00000000053827E5"
"16642","14386","1",,,"USA",,,"North Carolina",,,,,,,,"Conversion","2012-05-15 00:00:00.000",,,,,,,,,,".000",".000",,,,,,"0","USA North Carolina 0.000 0.000","0x00000000053829C4"
"17467","15037","1",,,"USA",,,"North Carolina",,,,,,,,"Conversion","2012-05-15 00:00:00.000",,,,,,,,,,".000",".000",,,,,,"0","USA North Carolina 0.000 0.000","0x0000000005382CFF"
"17252","15117","1",,,"USA",,,"North Carolina",,"Cherokee (near)",,,,,,"Conversion","2012-05-15 00:00:00.000",,,,,,,,,,".000",".000",,,,,,"1","USA North Carolina Cherokee (near) 0.000 0.000","0x0000000005382D75"
"17355","15165","1",,,"USA",,,"North Carolina",,"Wendell",,,,,,"Conversion","2012-05-15 00:00:00.000",,,,,,,,,,".000",".000",,,,,,"1","USA North Carolina Wendell 0.000 0.000","0x0000000005382DB3"
"17469","15293","1",,,"USA",,,"North Carolina",,,,,,,,"Conversion","2012-05-15 00:00:00.000",,,,,,,,,,".000",".000",,,,,,"0","USA North Carolina 0.000 0.000","0x0000000005382E72"
"18022","15493","1",,,"USA",,,"North Carolina",,"Durham (near)",,,,,,"Conversion","2012-05-15 00:00:00.000",,,,,,,,,,".000",".000",,,,,,"0","USA North Carolina Durham (near) 0.000 0.000","0x0000000005382F9B"
"17994","15840","1",,,"USA",,,"North Carolina",,"Morganton",,,,,,"Conversion","2012-05-15 00:00:00.000",,,,,,,,,,".000",".000",,,,,,"0","USA North Carolina Morganton 0.000 0.000","0x000000000538318A"
"3594","17454","1",,,"USA",,,"North Carolina",,"Durham",,,,,,"Conversion","2012-05-15 00:00:00.000",,,,,,,,,,".000",".000",,,,,,"1","USA North Carolina Durham 0.000 0.000","0x0000000005383B31"
"20993","19297","1",,,"USA",,,"North Carolina",,,,,,,,"Conversion","2012-05-15 00:00:00.000",,,,,,,,,,".000",".000",,,,,,"1","USA North Carolina 0.000 0.000","0x000000000538464A"
"8501","20616","1",,,"USA",,,"North Carolina",,"Durham",,,,,,"Conversion","2012-05-15 00:00:00.000",,,,,,,,,,".000",".000",,,,,,"1","USA North Carolina Durham 0.000 0.000","0x0000000005384DC2"
"11143","20939","1",,,"USA",,,"North Carolina",,"Tallyho (near), Granville County",,,,,"Stem (near)","Conversion","2012-05-15 00:00:00.000",,,,,,,,,,".000",".000",,,,,,"0","USA North Carolina Tallyho (near), Granville County 0.000 0.000 Stem (near)","0x0000000005384F93"
"23325","22368","1",,,"USA",,,"North Carolina",,,,,,,,"Conversion","2012-05-15 00:00:00.000",,,,,,,,,,".000",".000",,,,,,"0","USA North Carolina 0.000 0.000","0x00000000053857A7"
"23402","22480","1",,,"USA",,,"North Carolina",,,,,,,,"Conversion","2012-05-15 00:00:00.000",,,,,,,,,,".000",".000",,,,,,"1","USA North Carolina 0.000 0.000","0x000000000538584A"
"26094","24309","1",,,"USA",,,"North Carolina",,"Currituck",,,,,,"Conversion","2012-05-15 00:00:00.000",,,,,,,,,,".000",".000",,,,,,"1","USA North Carolina Currituck 0.000 0.000","0x000000000538642B"
"27326","24470","1",,,"USA",,,"North Carolina",,"Asheville (near)",,,,,,"Conversion","2012-05-15 00:00:00.000",,,,,,,,,,".000",".000",,,,,,"0","USA North Carolina Asheville (near) 0.000 0.000","0x0000000005386523"
"27328","25407","1",,,"USA",,,"North Carolina",,"Asheville",,,,,,"Conversion","2012-05-15 00:00:00.000",,,,,,,,,,".000",".000",,,,,,"0","USA North Carolina Asheville 0.000 0.000","0x0000000005386A57"
"28623","25689","1",,,"USA",,,"North Carolina",,,,,,,,"Conversion","2012-05-15 00:00:00.000",,,,,,,,,,".000",".000",,,,,,"1","USA North Carolina 0.000 0.000","0x0000000005386BCE"
"28813","25852","1",,,"USA",,,"North Carolina",,,,,,,,"Conversion","2012-05-15 00:00:00.000",,,,,,,,,,".000",".000",,,,,,"0","USA North Carolina 0.000 0.000","0x0000000005386CAD"
"27327","25947","1",,,"USA",,,"North Carolina",,,,,,,,"Conversion","2012-05-15 00:00:00.000",,,,,,,,,,".000",".000",,,,,,"0","USA North Carolina 0.000 0.000","0x0000000005386D2E"
"30251","28097","1",,,"USA",,,"North Carolina",,"Yanceyville",,,,,,"Conversion","2012-05-15 00:00:00.000",,,,,,,,,,".000",".000",,,,,,"1","USA North Carolina Yanceyville 0.000 0.000","0x0000000005387883"
"31934","28536","1",,,"USA",,,"North Carolina",,"Beria",,,,,,"Conversion","2012-05-15 00:00:00.000",,,,,,,,,,".000",".000",,,,,,"0","USA North Carolina Beria 0.000 0.000","0x0000000005387B1A"
"28814","29099","1",,,"USA",,,"North Carolina",,,,,,,,"Conversion","2012-05-15 00:00:00.000",,,,,,,,,,".000",".000",,,,,,"0","USA North Carolina 0.000 0.000","0x0000000005387E3A"
"17472","29157","1",,,,,,"North Carolina",,,,,,,,"Conversion","2012-05-15 00:00:00.000",,,,,,,,,,".000",".000",,,,,,"0","North Carolina 0.000 0.000","0x0000000005387E85"
"31056","29351","1",,,"USA",,,"North Carolina",,,,,,,,"Conversion","2012-05-15 00:00:00.000",,,,,,,,,,".000",".000",,,,,,"1","USA North Carolina 0.000 0.000","0x0000000005387F8E"
"32033","30665","1",,,"USA",,,"North Carolina",,"Jacksonville",,,,,,"Conversion","2012-05-15 00:00:00.000",,,,,,,,,,".000",".000",,,,,,"0","USA North Carolina Jacksonville 0.000 0.000","0x0000000005388717"
"18180","30902","1",,,"USA",,,"North Carolina",,"Beria",,,,,,"Conversion","2012-05-15 00:00:00.000",,,,,,,,,,".000",".000",,,,,,"0","USA North Carolina Beria 0.000 0.000","0x000000000538885E"
"33136","31398","1",,,"USA",,,"North Carolina",,,,,,,,"Conversion","2012-05-15 00:00:00.000",,,,,,,,,,".000",".000",,,,,,"1","USA North Carolina 0.000 0.000","0x0000000005388B35"
"35510","33634","1",,,"USA",,,"North Carolina",,"Wadesboro",,,,,,"Conversion","2012-05-15 00:00:00.000",,,,,,,,,,".000",".000",,,,,,"0","USA North Carolina Wadesboro 0.000 0.000","0x0000000005389889"
"35512","34430","1",,,"USA",,,"North Carolina",,"Wendell",,,,,,"Conversion","2012-05-15 00:00:00.000",,,,,,,,,,".000",".000",,,,,,"0","USA North Carolina Wendell 0.000 0.000","0x0000000005389CF0"
"35834","34520","1",,,"USA",,,"North Carolina",,,,,,,,"Conversion","2012-05-15 00:00:00.000",,,,,,,,,,".000",".000",,,,,,"0","USA North Carolina 0.000 0.000","0x0000000005389D8D"
"35873","34570","1",,,"USA",,,"North Carolina",,"Wendell",,,,,,"Conversion","2012-05-15 00:00:00.000",,,,,,,,,,".000",".000",,,,,,"0","USA North Carolina Wendell 0.000 0.000","0x0000000005389DD3"
"36001","35081","1",,,"USA",,,"North Carolina",,"Durham",,,,,,"Conversion","2012-05-15 00:00:00.000",,,,,,,,,,".000",".000",,,,,,"1","USA North Carolina Durham 0.000 0.000","0x000000000538A02D"
"37444","35510","1",,,"USA",,,"North Carolina",,,,,,,,"Conversion","2012-05-15 00:00:00.000",,,,,,,,,,".000",".000",,,,,,"0","USA North Carolina 0.000 0.000","0x000000000538A238"
"37672","35660","1",,,"USA",,,"North Carolina",,"Beria",,,,,,"Conversion","2012-05-15 00:00:00.000",,,,,,,,,,".000",".000",,,,,,"0","USA North Carolina Beria 0.000 0.000","0x000000000538A2D5"
"37446","35707","1",,,"USA",,,"North Carolina",,,,,,,,"Conversion","2012-05-15 00:00:00.000",,,,,,,,,,".000",".000",,,,,,"1","USA North Carolina 0.000 0.000","0x000000000538A313"
"37294","36171","1",,,"USA",,,"North Carolina",,"Beria",,,,,,"Conversion","2012-05-15 00:00:00.000",,,,,,,,,,".000",".000",,,,,,"0","USA North Carolina Beria 0.000 0.000","0x000000000538A4FF"
"38696","37869","1",,,"USA",,,"North Carolina",,"Marshall",,,,,,"Conversion","2012-05-15 00:00:00.000",,,,,,,,,,".000",".000",,,,,,"0","USA North Carolina Marshall 0.000 0.000","0x000000000538AE42"
"38698","37870","1",,,"USA",,,"North Carolina",,"Marshall",,,,,,"Conversion","2012-05-15 00:00:00.000",,,,,,,,,,".000",".000",,,,,,"1","USA North Carolina Marshall 0.000 0.000","0x000000000538AE44"
"38705","37871","1",,,"USA",,,"North Carolina",,,,,,,,"Conversion","2012-05-15 00:00:00.000",,,,,,,,,,".000",".000",,,,,,"1","USA North Carolina 0.000 0.000","0x000000000538AE45"
"38707","37872","1",,,"USA",,,"North Carolina",,"Marshall",,,,,,"Conversion","2012-05-15 00:00:00.000",,,,,,,,,,".000",".000",,,,,,"1","USA North Carolina Marshall 0.000 0.000","0x000000000538AE46"
"38683","37885","1",,,"USA",,,"North Carolina",,"Bakersville",,,,,,"Conversion","2012-05-15 00:00:00.000",,,,,,,,,,".000",".000",,,,,,"0","USA North Carolina Bakersville 0.000 0.000","0x000000000538AE55"
"38686","37886","1",,,"USA",,,"North Carolina",,"Marshall",,,,,,"Conversion","2012-05-15 00:00:00.000",,,,,,,,,,".000",".000",,,,,,"0","USA North Carolina Marshall 0.000 0.000","0x000000000538AE57"
"38687","37887","1",,,"USA",,,"North Carolina",,"Marshall",,,,,,"Conversion","2012-05-15 00:00:00.000",,,,,,,,,,".000",".000",,,,,,"0","USA North Carolina Marshall 0.000 0.000","0x000000000538AE59"
"38700","37888","1",,,"USA",,,"North Carolina",,"Guntertown [sic]",,,,,,"Conversion","2012-05-15 00:00:00.000",,,,,,,,,,".000",".000",,,,,,"1","USA North Carolina Guntertown [sic] 0.000 0.000","0x000000000538AE5B"
"38701","37889","1",,,"USA",,,"North Carolina",,"Guntertown [sic]",,,,,,"Conversion","2012-05-15 00:00:00.000",,,,,,,,,,".000",".000",,,,,,"1","USA North Carolina Guntertown [sic] 0.000 0.000","0x000000000538AE5C"
"38678","37900","1",,,"USA",,,"North Carolina",,"Marshall",,,,,,"Conversion","2012-05-15 00:00:00.000",,,,,,,,,,".000",".000",,,,,,"0","USA North Carolina Marshall 0.000 0.000","0x000000000538AE67"
"38693","37901","1",,,"USA",,,"North Carolina",,"Marshall",,,,,,"Conversion","2012-05-15 00:00:00.000",,,,,,,,,,".000",".000",,,,,,"1","USA North Carolina Marshall 0.000 0.000","0x000000000538AE69"
"38695","37902","1",,,"USA",,,"North Carolina",,,,,,,,"Conversion","2012-05-15 00:00:00.000",,,,,,,,,,".000",".000",,,,,,"1","USA North Carolina 0.000 0.000","0x000000000538AE6A"
"38708","37903","1",,,"USA",,,"North Carolina",,"Shelton Laurel",,,,,,"Conversion","2012-05-15 00:00:00.000",,,,,,,,,,".000",".000",,,,,,"1","USA North Carolina Shelton Laurel 0.000 0.000","0x000000000538AE6B"
"38710","37904","1",,,"USA",,,"North Carolina",,"Marshall",,,,,,"Conversion","2012-05-15 00:00:00.000",,,,,,,,,,".000",".000",,,,,,"1","USA North Carolina Marshall 0.000 0.000","0x000000000538AE6C"
"38712","37905","1",,,"USA",,,"North Carolina",,"Marshall",,,,,,"Conversion","2012-05-15 00:00:00.000",,,,,,,,,,".000",".000",,,,,,"1","USA North Carolina Marshall 0.000 0.000","0x000000000538AE6D"
"38679","37913","1",,,"USA",,,"North Carolina",,"Marshall",,,,,,"Conversion","2012-05-15 00:00:00.000",,,,,,,,,,".000",".000",,,,,,"0","USA North Carolina Marshall 0.000 0.000","0x000000000538AE78"
"38690","37914","1",,,"USA",,,"North Carolina",,"Bakersville",,,,,,"Conversion","2012-05-15 00:00:00.000",,,,,,,,,,".000",".000",,,,,,"0","USA North Carolina Bakersville 0.000 0.000","0x000000000538AE7A"
"38697","37915","1",,,"USA",,,"North Carolina",,"Marshall",,,,,,"Conversion","2012-05-15 00:00:00.000",,,,,,,,,,".000",".000",,,,,,"1","USA North Carolina Marshall 0.000 0.000","0x000000000538AE7C"
"38704","37916","1",,,"USA",,,"North Carolina",,,,,,,,"Conversion","2012-05-15 00:00:00.000",,,,,,,,,,".000",".000",,,,,,"1","USA North Carolina 0.000 0.000","0x000000000538AE7D"
"38715","37917","1",,,"USA",,,"North Carolina",,"Spruce Pine",,,,,,"Conversion","2012-05-15 00:00:00.000",,,,,,,,,,".000",".000",,,,,,"0","USA North Carolina Spruce Pine 0.000 0.000","0x000000000538AE7E"
"38680","37932","1",,,"USA",,,"North Carolina",,"Marshall",,,,,,"Conversion","2012-05-15 00:00:00.000",,,,,,,,,,".000",".000",,,,,,"0","USA North Carolina Marshall 0.000 0.000","0x000000000538AE91"
"38682","37933","1",,,"USA",,,"North Carolina",,"Bakersville",,,,,,"Conversion","2012-05-15 00:00:00.000",,,,,,,,,,".000",".000",,,,,,"0","USA North Carolina Bakersville 0.000 0.000","0x000000000538AE93"
"38689","37934","1",,,"USA",,,"North Carolina",,"near Marshall",,,,,,"Conversion","2012-05-15 00:00:00.000",,,,,,,,,,".000",".000",,,,,,"1","USA North Carolina near Marshall 0.000 0.000","0x000000000538AE95"
"38691","37935","1",,,"USA",,,"North Carolina",,"Bakersville",,,,,,"Conversion","2012-05-15 00:00:00.000",,,,,,,,,,".000",".000",,,,,,"0","USA North Carolina Bakersville 0.000 0.000","0x000000000538AE96"
"38714","37936","1",,,"USA",,,"North Carolina",,"Spruce Pine",,,,,,"Conversion","2012-05-15 00:00:00.000",,,,,,,,,,".000",".000",,,,,,"0","USA North Carolina Spruce Pine 0.000 0.000","0x000000000538AE98"
"38681","37958","1",,,"USA",,,"North Carolina",,"Marshall",,,,,,"Conversion","2012-05-15 00:00:00.000",,,,,,,,,,".000",".000",,,,,,"0","USA North Carolina Marshall 0.000 0.000","0x000000000538AEC1"
"38688","37959","1",,,"USA",,,"North Carolina",,"Marshall (near)",,,,,,"Conversion","2012-05-15 00:00:00.000",,,,,,,,,,".000",".000",,,,,,"1","USA North Carolina Marshall (near) 0.000 0.000","0x000000000538AEC3"
"38699","37960","1",,,"USA",,,"North Carolina",,"Marshall",,,,,,"Conversion","2012-05-15 00:00:00.000",,,,,,,,,,".000",".000",,,,,,"1","USA North Carolina Marshall 0.000 0.000","0x000000000538AEC4"
"38706","37961","1",,,"USA",,,"North Carolina",,"Marshall",,,,,,"Conversion","2012-05-15 00:00:00.000",,,,,,,,,,".000",".000",,,,,,"1","USA North Carolina Marshall 0.000 0.000","0x000000000538AEC5"
"38713","37962","1",,,"USA",,,"North Carolina",,"Marshall",,,,,,"Conversion","2012-05-15 00:00:00.000",,,,,,,,,,".000",".000",,,,,,"1","USA North Carolina Marshall 0.000 0.000","0x000000000538AEC6"
"38692","38163","1",,,"USA",,,"North Carolina",,"Marshall",,,,,,"Conversion","2012-05-15 00:00:00.000",,,,,,,,,,".000",".000",,,,,,"1","USA North Carolina Marshall 0.000 0.000","0x000000000538B010"
"38694","38164","1",,,"USA",,,"North Carolina",,,,,,,,"Conversion","2012-05-15 00:00:00.000",,,,,,,,,,".000",".000",,,,,,"1","USA North Carolina 0.000 0.000","0x000000000538B011"
"38709","38165","1",,,"USA",,,"North Carolina",,"Shelton Laurel",,,,,,"Conversion","2012-05-15 00:00:00.000",,,,,,,,,,".000",".000",,,,,,"1","USA North Carolina Shelton Laurel 0.000 0.000","0x000000000538B012"
"38711","38166","1",,,"USA",,,"North Carolina",,"Marshall",,,,,,"Conversion","2012-05-15 00:00:00.000",,,,,,,,,,".000",".000",,,,,,"1","USA North Carolina Marshall 0.000 0.000","0x000000000538B013"
"39465","38822","1",,,"USA",,,"North Carolina",,,,,,,,"Conversion","2012-05-15 00:00:00.000",,,,,,,,,,".000",".000",,,,,,"1","USA North Carolina 0.000 0.000","0x000000000538B416"
"39464","38845","1",,,"USA",,,"North Carolina",,"Marshall",,,,,,"Conversion","2012-05-15 00:00:00.000",,,,,,,,,,".000",".000",,,,,,"0","USA North Carolina Marshall 0.000 0.000","0x000000000538B435"
"39466","38890","1",,,"USA",,,"North Carolina",,,,,,,,"Conversion","2012-05-15 00:00:00.000",,,,,,,,,,".000",".000",,,,,,"1","USA North Carolina 0.000 0.000","0x000000000538B47B"
"39463","38909","1",,,"USA",,,"North Carolina",,"Marshall",,,,,,"Conversion","2012-05-15 00:00:00.000",,,,,,,,,,".000",".000",,,,,,"0","USA North Carolina Marshall 0.000 0.000","0x000000000538B495"
"40468","39759","1",,,"USA",,,"North Carolina",,"Raleigh",,,,,,"Conversion","2012-05-15 00:00:00.000",,,,,,,,,,".000",".000",,,,,,"0","USA North Carolina Raleigh 0.000 0.000","0x000000000538B925"
"40469","40221","1",,,"USA",,,"North Carolina",,"Raleigh",,,,,,"Conversion","2012-05-15 00:00:00.000",,,,,,,,,,".000",".000",,,,,,"0","USA North Carolina Raleigh 0.000 0.000","0x000000000538BB39"
"27323","41442","1",,,"USA",,,"North Carolina",,"Asheville",,,,,,"Conversion","2012-05-15 00:00:00.000",,,,,,,,,,".000",".000",,,,,,"1","USA North Carolina Asheville 0.000 0.000","0x000000000538C0BA"
"28626","41650","1",,,"USA",,,"North Carolina",,,,,,,,"Conversion","2012-05-15 00:00:00.000",,,,,,,,,,".000",".000",,,,,,"1","USA North Carolina 0.000 0.000","0x000000000538C1AB"
"28627","41651","1",,,"USA",,,"North Carolina",,,,,,,,"Conversion","2012-05-15 00:00:00.000",,,,,,,,,,".000",".000",,,,,,"1","USA North Carolina 0.000 0.000","0x000000000538C1AC"
"30786","41943","1",,,"USA",,,"North Carolina",,"Beria",,,,,,"Conversion","2012-05-15 00:00:00.000",,,,,,,,,,".000",".000",,,,,,"0","USA North Carolina Beria 0.000 0.000","0x000000000538C362"
"31054","41975","1",,,"USA",,,"North Carolina",,,,,,,,"Conversion","2012-05-15 00:00:00.000",,,,,,,,,,".000",".000",,,,,,"1","USA North Carolina 0.000 0.000","0x000000000538C38E"
"31055","41976","1",,,"USA",,,"North Carolina",,,,,,,,"Conversion","2012-05-15 00:00:00.000",,,,,,,,,,".000",".000",,,,,,"1","USA North Carolina 0.000 0.000","0x000000000538C38F"
"42822","43070","1",,,"USA",,,"North Carolina",,,,,,,,"Conversion","2012-05-15 00:00:00.000",,,,,,,,,,".000",".000",,,,,,"1","USA North Carolina 0.000 0.000","0x000000000538C97D"
"44021","43781","1",,,"USA",,,"North Carolina",,"Asheville",,,,,,"Conversion","2012-05-15 00:00:00.000",,,,,,,,,,".000",".000",,,,,,"1","USA North Carolina Asheville 0.000 0.000","0x000000000538CD11"
"44028","43782","1",,,"USA",,,"North Carolina",,"Asheville",,,,,,"Conversion","2012-05-15 00:00:00.000",,,,,,,,,,".000",".000",,,,,,"1","USA North Carolina Asheville 0.000 0.000","0x000000000538CD12"
"44035","43783","1",,,"USA",,,"North Carolina",,"Asheville (near)",,,,,,"Conversion","2012-05-15 00:00:00.000",,,,,,,,,,".000",".000",,,,,,"0","USA North Carolina Asheville (near) 0.000 0.000","0x000000000538CD13"
"44030","44146","1",,,"USA",,,"North Carolina",,"Asheville",,,,,,"Conversion","2012-05-15 00:00:00.000",,,,,,,,,,".000",".000",,,,,,"1","USA North Carolina Asheville 0.000 0.000","0x000000000538CEA3"
"44024","44234","1",,,"USA",,,"North Carolina",,"Asheville",,,,,,"Conversion","2012-05-15 00:00:00.000",,,,,,,,,,".000",".000",,,,,,"1","USA North Carolina Asheville 0.000 0.000","0x000000000538CF2F"
"44026","44235","1",,,"USA",,,"North Carolina",,"Asheville",,,,,,"Conversion","2012-05-15 00:00:00.000",,,,,,,,,,".000",".000",,,,,,"1","USA North Carolina Asheville 0.000 0.000","0x000000000538CF30"
"44014","44476","1",,,"USA",,,"North Carolina",,"Asheville",,,,,,"Conversion","2012-05-15 00:00:00.000",,,,,,,,,,".000",".000",,,,,,"1","USA North Carolina Asheville 0.000 0.000","0x000000000538D035"
"44033","44478","1",,,"USA",,,"North Carolina",,"Asheville (near)",,,,,,"Conversion","2012-05-15 00:00:00.000",,,,,,,,,,".000",".000",,,,,,"0","USA North Carolina Asheville (near) 0.000 0.000","0x000000000538D038"
"44034","44479","1",,,"USA",,,"North Carolina",,"Asheville (near)",,,,,,"Conversion","2012-05-15 00:00:00.000",,,,,,,,,,".000",".000",,,,,,"0","USA North Carolina Asheville (near) 0.000 0.000","0x000000000538D03B"
"44011","44713","1",,,"USA",,,"North Carolina",,"Asheville",,,,,,"Conversion","2012-05-15 00:00:00.000",,,,,,,,,,".000",".000",,,,,,"1","USA North Carolina Asheville 0.000 0.000","0x000000000538D146"
"44020","44744","1",,,"USA",,,"North Carolina",,"Asheville",,,,,,"Conversion","2012-05-15 00:00:00.000",,,,,,,,,,".000",".000",,,,,,"1","USA North Carolina Asheville 0.000 0.000","0x000000000538D162"
"44022","44745","1",,,"USA",,,"North Carolina",,"Asheville",,,,,,"Conversion","2012-05-15 00:00:00.000",,,,,,,,,,".000",".000",,,,,,"1","USA North Carolina Asheville 0.000 0.000","0x000000000538D163"
"44023","45028","1",,,"USA",,,"North Carolina",,"Asheville",,,,,,"Conversion","2012-05-15 00:00:00.000",,,,,,,,,,".000",".000",,,,,,"1","USA North Carolina Asheville 0.000 0.000","0x000000000538D290"
"44025","45029","1",,,"USA",,,"North Carolina",,"Asheville",,,,,,"Conversion","2012-05-15 00:00:00.000",,,,,,,,,,".000",".000",,,,,,"1","USA North Carolina Asheville 0.000 0.000","0x000000000538D291"
"48115","46451","1",,,"USA",,,"North Carolina",,"Beria",,,,,,"Conversion","2012-05-15 00:00:00.000",,,,,,,,,,".000",".000",,,,,,"0","USA North Carolina Beria 0.000 0.000","0x000000000538DA14"
"44027","46458","1",,,"USA",,,"North Carolina",,"Asheville",,,,,,"Conversion","2012-05-15 00:00:00.000",,,,,,,,,,".000",".000",,,,,,"1","USA North Carolina Asheville 0.000 0.000","0x000000000538DA1E"
"44029","46459","1",,,"USA",,,"North Carolina",,"Asheville",,,,,,"Conversion","2012-05-15 00:00:00.000",,,,,,,,,,".000",".000",,,,,,"1","USA North Carolina Asheville 0.000 0.000","0x000000000538DA1F"
"46624","46907","1",,,"USA",,,"North Carolina",,,,,,,,"Conversion","2012-05-15 00:00:00.000",,,,,,,,,,".000",".000",,,,,,"1","USA North Carolina 0.000 0.000","0x000000000538DCCD"
"48116","47692","1",,,"USA",,,"North Carolina",,"Beria",,,,,,"Conversion","2012-05-15 00:00:00.000",,,,,,,,,,".000",".000",,,,,,"0","USA North Carolina Beria 0.000 0.000","0x000000000538E13F"
"48453","47879","1",,,"USA",,,"North Carolina",,,,,,,,"Conversion","2012-05-15 00:00:00.000",,,,,,,,,,".000",".000",,,,,,"0","USA North Carolina 0.000 0.000","0x000000000538E215"
"34949","48337","1",,,"USA",,,"North Carolina",,,,,,,,"Conversion","2012-05-15 00:00:00.000",,,,,,,,,,".000",".000",,,,,,"0","USA North Carolina 0.000 0.000","0x000000000538E49E"
"48449","48505","1",,,"USA",,,"North Carolina",,,,,,,,"Conversion","2012-05-15 00:00:00.000",,,,,,,,,,".000",".000",,,,,,"0","USA North Carolina 0.000 0.000","0x000000000538E583"
"35521","50606","1",,,"USA",,,"North Carolina",,"Durham",,,,,,"Conversion","2012-05-15 00:00:00.000",,,,,,,,,,".000",".000",,,,,,"1","USA North Carolina Durham 0.000 0.000","0x000000000538F00E"
"51638","50892","1",,,"USA",,,"North Carolina",,,,,,,,"Conversion","2012-05-15 00:00:00.000",,,,,,,,,,".000",".000",,,,,,"1","USA North Carolina 0.000 0.000","0x000000000538F17F"
"48448","51197","1",,,"USA",,,"North Carolina",,,,,,,,"Conversion","2012-05-15 00:00:00.000",,,,,,,,,,".000",".000",,,,,,"0","USA North Carolina 0.000 0.000","0x000000000538F31B"
"50206","52316","1",,,"USA",,,"North Carolina",,,,,,,,"Conversion","2012-05-15 00:00:00.000",,,,,,,,,,".000",".000",,,,,,"0","USA North Carolina 0.000 0.000","0x000000000538F88D"
"51200","52658","1",,,"USA",,,"North Carolina",,,,,,,,"Conversion","2012-05-15 00:00:00.000",,,,,,,,,,".000",".000",,,,,,"0","USA North Carolina 0.000 0.000","0x000000000538FA1A"
"35872","52755","1",,,"USA",,,"North Carolina",,"Stem",,,,,,"Conversion","2012-05-15 00:00:00.000",,,,,,,,,,".000",".000",,,,,,"1","USA North Carolina Stem 0.000 0.000","0x000000000538FA92"
"38684","56862","1",,,"USA",,,"North Carolina",,"Marshall",,,,,,"Conversion","2012-05-15 00:00:00.000",,,,,,,,,,".000",".000",,,,,,"0","USA North Carolina Marshall 0.000 0.000","0x0000000005390CDF"
"38685","56863","1",,,"USA",,,"North Carolina",,"Marshall",,,,,,"Conversion","2012-05-15 00:00:00.000",,,,,,,,,,".000",".000",,,,,,"0","USA North Carolina Marshall 0.000 0.000","0x0000000005390CE1"
"38702","56864","1",,,"USA",,,"North Carolina",,"Hot Springs",,,,,,"Conversion","2012-05-15 00:00:00.000",,,,,,,,,,".000",".000",,,,,,"0","USA North Carolina Hot Springs 0.000 0.000","0x0000000005390CE3"
"38703","56865","1",,,"USA",,,"North Carolina",,"Hot Springs",,,,,,"Conversion","2012-05-15 00:00:00.000",,,,,,,,,,".000",".000",,,,,,"0","USA North Carolina Hot Springs 0.000 0.000","0x0000000005390CE5"
"42114","60757","1",,,"USA",,,"North Carolina",,"Raleigh",,,,,,"Conversion","2012-05-15 00:00:00.000",,,,,,,,,,".000",".000",,,,,,"1","USA North Carolina Raleigh 0.000 0.000","0x0000000005392348"
"44017","61796","1",,,"USA",,,"North Carolina",,"Asheville",,,,,,"Conversion","2012-05-15 00:00:00.000",,,,,,,,,,".000",".000",,,,,,"1","USA North Carolina Asheville 0.000 0.000","0x00000000053927D6"
"44018","61797","1",,,"USA",,,"North Carolina",,"Asheville",,,,,,"Conversion","2012-05-15 00:00:00.000",,,,,,,,,,".000",".000",,,,,,"1","USA North Carolina Asheville 0.000 0.000","0x00000000053927D7"
"44031","61798","1",,,"USA",,,"North Carolina",,"Asheville",,,,,,"Conversion","2012-05-15 00:00:00.000",,,,,,,,,,".000",".000",,,,,,"1","USA North Carolina Asheville 0.000 0.000","0x00000000053927D8"
"44032","61799","1",,,"USA",,,"North Carolina",,"Asheville (near)",,,,,,"Conversion","2012-05-15 00:00:00.000",,,,,,,,,,".000",".000",,,,,,"0","USA North Carolina Asheville (near) 0.000 0.000","0x00000000053927D9"
"47482","64308","1",,,"USA",,,"North Carolina",,,,,,,,"Conversion","2012-05-15 00:00:00.000",,,,,,,,,,".000",".000",,,,,,"1","USA North Carolina 0.000 0.000","0x0000000005392CF8"
"94674","88996","2",,,"United States of America",,,"North Carolina",,"Waynesville",,,,,,"rdrudge","2017-10-18 10:06:06.613",,,,,,,,,,,,,,,,,"1","United States of America North Carolina Waynesville","0x0000000009074462"
"96579","93794","2",,,"United States",,,"North Carolina","Burke County","Salem",,,,,,"christiansent","2021-08-30 13:33:12.733",,,,,,,,,,,,,,,,,"1","United States North Carolina Salem Burke County","0x0000000009733345"
"97337","94478","2",,,"United States",,,"North Carolina","Wake County","Raleigh",,,,,,"christiansent","2022-08-08 12:36:55.810",,,,,,,,,,,,,,,,,"1","United States North Carolina Raleigh Wake County","0x000000000981F06D"
