continent,country,region,river,state,county,city,locale,building,locus,notes,township,politicalregion,nation,culturalregion,subregion,placepublished,uncontrolled_value,proximity_note,uncertainty_note,place_note,clean_fingerprint,clean_combined,norm_combineds,fingerprints,occurrences,norm_fingerprints
North America,USA,,,North Carolina,,,,,,,,,,,,,,,,,Tm9ydGggQW1lcmljYeKQn1VTQeKQn25pbOKQn25pbOKQn05vcnRoIENhcm9saW5h4pCfbmls4pCfbmls4pCfbmls4pCfbmls4pCfbmls4pCfbmls4pCfbmls4pCfbmls4pCfbmls4pCfbmls4pCfbmls4pCfbmls4pCfbmls4pCfbmls4pCfbmls4pCfbmls,continent: North America|||country: USA|||state: North Carolina,country: USA|||state: North Carolina////state: North Carolina,bmls4pCfVVNB4pCfbmls4pCfbmls4pCfTm9ydGggQ2Fyb2xpbmHikJ9uaWzikJ9uaWzikJ9uaWzikJ9uaWzikJ9uaWzikJ9uaWzikJ9uaWzikJ9uaWzikJ9uaWzikJ9uaWzikJ9uaWzikJ9uaWzikJ9uaWzikJ9uaWzikJ9uaWzikJ9uaWw=////bmls4pCfbmls4pCfbmls4pCfbmls4pCfTm9ydGggQ2Fyb2xpbmHikJ9uaWzikJ9uaWzikJ9uaWzikJ9uaWzikJ9uaWzikJ9uaWzikJ9uaWzikJ9uaWzikJ9uaWzikJ9uaWzikJ9uaWzikJ9uaWzikJ9uaWzikJ9uaWzikJ9uaWzikJ9uaWw=,50,bmls4pCfVVNB4pCfbmls4pCfbmls4pCfTm9ydGggQ2Fyb2xpbmHikJ9uaWzikJ9uaWzikJ9uaWzikJ9uaWzikJ9uaWzikJ9uaWzikJ9uaWzikJ9uaWzikJ9uaWzikJ9uaWzikJ9uaWzikJ9uaWzikJ9uaWzikJ9uaWzikJ9uaWzikJ9uaWw=////bmls4pCfbmls4pCfbmls4pCfbmls4pCfTm9ydGggQ2Fyb2xpbmHikJ9uaWzikJ9uaWzikJ9uaWzikJ9uaWzikJ9uaWzikJ9uaWzikJ9uaWzikJ9uaWzikJ9uaWzikJ9uaWzikJ9uaWzikJ9uaWzikJ9uaWzikJ9uaWzikJ9uaWzikJ9uaWw=
North America,USA,,,North Carolina,,Asheville,,,,,,,,,,,,,,,Tm9ydGggQW1lcmljYeKQn1VTQeKQn25pbOKQn25pbOKQn05vcnRoIENhcm9saW5h4pCfbmls4pCfQXNoZXZpbGxl4pCfbmls4pCfbmls4pCfbmls4pCfbmls4pCfbmls4pCfbmls4pCfbmls4pCfbmls4pCfbmls4pCfbmls4pCfbmls4pCfbmls4pCfbmls4pCfbmls,continent: North America|||country: USA|||state: North Carolina|||city: Asheville,country: USA|||state: North Carolina|||city: Asheville,bmls4pCfVVNB4pCfbmls4pCfbmls4pCfTm9ydGggQ2Fyb2xpbmHikJ9uaWzikJ9Bc2hldmlsbGXikJ9uaWzikJ9uaWzikJ9uaWzikJ9uaWzikJ9uaWzikJ9uaWzikJ9uaWzikJ9uaWzikJ9uaWzikJ9uaWzikJ9uaWzikJ9uaWzikJ9uaWzikJ9uaWw=,23,bmls4pCfVVNB4pCfbmls4pCfbmls4pCfTm9ydGggQ2Fyb2xpbmHikJ9uaWzikJ9Bc2hldmlsbGXikJ9uaWzikJ9uaWzikJ9uaWzikJ9uaWzikJ9uaWzikJ9uaWzikJ9uaWzikJ9uaWzikJ9uaWzikJ9uaWzikJ9uaWzikJ9uaWzikJ9uaWzikJ9uaWw=
North America,USA,,,North Carolina,,Bakersville,,,,,,,,,,,,,,,Tm9ydGggQW1lcmljYeKQn1VTQeKQn25pbOKQn25pbOKQn05vcnRoIENhcm9saW5h4pCfbmls4pCfQmFrZXJzdmlsbGXikJ9uaWzikJ9uaWzikJ9uaWzikJ9uaWzikJ9uaWzikJ9uaWzikJ9uaWzikJ9uaWzikJ9uaWzikJ9uaWzikJ9uaWzikJ9uaWzikJ9uaWzikJ9uaWw=,continent: North America|||country: USA|||state: North Carolina|||city: Bakersville,country: USA|||state: North Carolina|||city: Bakersville,bmls4pCfVVNB4pCfbmls4pCfbmls4pCfTm9ydGggQ2Fyb2xpbmHikJ9uaWzikJ9CYWtlcnN2aWxsZeKQn25pbOKQn25pbOKQn25pbOKQn25pbOKQn25pbOKQn25pbOKQn25pbOKQn25pbOKQn25pbOKQn25pbOKQn25pbOKQn25pbOKQn25pbOKQn25pbA==,4,bmls4pCfVVNB4pCfbmls4pCfbmls4pCfTm9ydGggQ2Fyb2xpbmHikJ9uaWzikJ9CYWtlcnN2aWxsZeKQn25pbOKQn25pbOKQn25pbOKQn25pbOKQn25pbOKQn25pbOKQn25pbOKQn25pbOKQn25pbOKQn25pbOKQn25pbOKQn25pbOKQn25pbOKQn25pbA==
North America,USA,,,North Carolina,,Beria,,,,,,,,,,,,,,,Tm9ydGggQW1lcmljYeKQn1VTQeKQn25pbOKQn25pbOKQn05vcnRoIENhcm9saW5h4pCfbmls4pCfQmVyaWHikJ9uaWzikJ9uaWzikJ9uaWzikJ9uaWzikJ9uaWzikJ9uaWzikJ9uaWzikJ9uaWzikJ9uaWzikJ9uaWzikJ9uaWzikJ9uaWzikJ9uaWzikJ9uaWw=,continent: North America|||country: USA|||state: North Carolina|||city: Beria,country: USA|||state: North Carolina|||city: Beria////state: North Carolina|||city: Beria,bmls4pCfVVNB4pCfbmls4pCfbmls4pCfTm9ydGggQ2Fyb2xpbmHikJ9uaWzikJ9CZXJpYeKQn25pbOKQn25pbOKQn25pbOKQn25pbOKQn25pbOKQn25pbOKQn25pbOKQn25pbOKQn25pbOKQn25pbOKQn25pbOKQn25pbOKQn25pbOKQn25pbA==////bmls4pCfbmls4pCfbmls4pCfbmls4pCfTm9ydGggQ2Fyb2xpbmHikJ9uaWzikJ9CZXJpYeKQn25pbOKQn25pbOKQn25pbOKQn25pbOKQn25pbOKQn25pbOKQn25pbOKQn25pbOKQn25pbOKQn25pbOKQn25pbOKQn25pbOKQn25pbOKQn25pbA==,21,bmls4pCfVVNB4pCfbmls4pCfbmls4pCfTm9ydGggQ2Fyb2xpbmHikJ9uaWzikJ9CZXJpYeKQn25pbOKQn25pbOKQn25pbOKQn25pbOKQn25pbOKQn25pbOKQn25pbOKQn25pbOKQn25pbOKQn25pbOKQn25pbOKQn25pbOKQn25pbOKQn25pbA==////bmls4pCfbmls4pCfbmls4pCfbmls4pCfTm9ydGggQ2Fyb2xpbmHikJ9uaWzikJ9CZXJpYeKQn25pbOKQn25pbOKQn25pbOKQn25pbOKQn25pbOKQn25pbOKQn25pbOKQn25pbOKQn25pbOKQn25pbOKQn25pbOKQn25pbOKQn25pbOKQn25pbA==
North America,USA,,,North Carolina,,Charlotte,,,,,,,,,,,,,,,Tm9ydGggQW1lcmljYeKQn1VTQeKQn25pbOKQn25pbOKQn05vcnRoIENhcm9saW5h4pCfbmls4pCfQ2hhcmxvdHRl4pCfbmls4pCfbmls4pCfbmls4pCfbmls4pCfbmls4pCfbmls4pCfbmls4pCfbmls4pCfbmls4pCfbmls4pCfbmls4pCfbmls4pCfbmls4pCfbmls,continent: North America|||country: USA|||state: North Carolina|||city: Charlotte,country: USA|||state: North Carolina|||city: Charlotte,bmls4pCfVVNB4pCfbmls4pCfbmls4pCfTm9ydGggQ2Fyb2xpbmHikJ9uaWzikJ9DaGFybG90dGXikJ9uaWzikJ9uaWzikJ9uaWzikJ9uaWzikJ9uaWzikJ9uaWzikJ9uaWzikJ9uaWzikJ9uaWzikJ9uaWzikJ9uaWzikJ9uaWzikJ9uaWzikJ9uaWw=,2,bmls4pCfVVNB4pCfbmls4pCfbmls4pCfTm9ydGggQ2Fyb2xpbmHikJ9uaWzikJ9DaGFybG90dGXikJ9uaWzikJ9uaWzikJ9uaWzikJ9uaWzikJ9uaWzikJ9uaWzikJ9uaWzikJ9uaWzikJ9uaWzikJ9uaWzikJ9uaWzikJ9uaWzikJ9uaWzikJ9uaWw=
North America,USA,,,North Carolina,,Cherokee,,,,,,,,,,,,,,,Tm9ydGggQW1lcmljYeKQn1VTQeKQn25pbOKQn25pbOKQn05vcnRoIENhcm9saW5h4pCfbmls4pCfQ2hlcm9rZWXikJ9uaWzikJ9uaWzikJ9uaWzikJ9uaWzikJ9uaWzikJ9uaWzikJ9uaWzikJ9uaWzikJ9uaWzikJ9uaWzikJ9uaWzikJ9uaWzikJ9uaWzikJ9uaWw=,continent: North America|||country: USA|||state: North Carolina|||city: Cherokee,country: USA|||state: North Carolina|||city: Cherokee,bmls4pCfVVNB4pCfbmls4pCfbmls4pCfTm9ydGggQ2Fyb2xpbmHikJ9uaWzikJ9DaGVyb2tlZeKQn25pbOKQn25pbOKQn25pbOKQn25pbOKQn25pbOKQn25pbOKQn25pbOKQn25pbOKQn25pbOKQn25pbOKQn25pbOKQn25pbOKQn25pbOKQn25pbA==,2,bmls4pCfVVNB4pCfbmls4pCfbmls4pCfTm9ydGggQ2Fyb2xpbmHikJ9uaWzikJ9DaGVyb2tlZeKQn25pbOKQn25pbOKQn25pbOKQn25pbOKQn25pbOKQn25pbOKQn25pbOKQn25pbOKQn25pbOKQn25pbOKQn25pbOKQn25pbOKQn25pbOKQn25pbA==
North America,USA,,,North Carolina,,Currituck,,,,,,,,,,,,,,,Tm9ydGggQW1lcmljYeKQn1VTQeKQn25pbOKQn25pbOKQn05vcnRoIENhcm9saW5h4pCfbmls4pCfQ3Vycml0dWNr4pCfbmls4pCfbmls4pCfbmls4pCfbmls4pCfbmls4pCfbmls4pCfbmls4pCfbmls4pCfbmls4pCfbmls4pCfbmls4pCfbmls4pCfbmls4pCfbmls,continent: North America|||country: USA|||state: North Carolina|||city: Currituck,country: USA|||state: North Carolina|||city: Currituck,bmls4pCfVVNB4pCfbmls4pCfbmls4pCfTm9ydGggQ2Fyb2xpbmHikJ9uaWzikJ9DdXJyaXR1Y2vikJ9uaWzikJ9uaWzikJ9uaWzikJ9uaWzikJ9uaWzikJ9uaWzikJ9uaWzikJ9uaWzikJ9uaWzikJ9uaWzikJ9uaWzikJ9uaWzikJ9uaWzikJ9uaWw=,2,bmls4pCfVVNB4pCfbmls4pCfbmls4pCfTm9ydGggQ2Fyb2xpbmHikJ9uaWzikJ9DdXJyaXR1Y2vikJ9uaWzikJ9uaWzikJ9uaWzikJ9uaWzikJ9uaWzikJ9uaWzikJ9uaWzikJ9uaWzikJ9uaWzikJ9uaWzikJ9uaWzikJ9uaWzikJ9uaWzikJ9uaWw=
North America,USA,,,North Carolina,Durham County,Durham,,,,,,,,,,,,,,,Tm9ydGggQW1lcmljYeKQn1VTQeKQn25pbOKQn25pbOKQn05vcnRoIENhcm9saW5h4pCfRHVyaGFtIENvdW50eeKQn0R1cmhhbeKQn25pbOKQn25pbOKQn25pbOKQn25pbOKQn25pbOKQn25pbOKQn25pbOKQn25pbOKQn25pbOKQn25pbOKQn25pbOKQn25pbOKQn25pbOKQn25pbA==,continent: North America|||country: USA|||state: North Carolina|||county: Durham County|||city: Durham,country: USA|||state: North Carolina|||city: Durham////country: USA|||state: North Carolina|||county: Durham County|||city: Durham,bmls4pCfVVNB4pCfbmls4pCfbmls4pCfTm9ydGggQ2Fyb2xpbmHikJ9uaWzikJ9EdXJoYW3ikJ9uaWzikJ9uaWzikJ9uaWzikJ9uaWzikJ9uaWzikJ9uaWzikJ9uaWzikJ9uaWzikJ9uaWzikJ9uaWzikJ9uaWzikJ9uaWzikJ9uaWzikJ9uaWw=////bmls4pCfVVNB4pCfbmls4pCfbmls4pCfTm9ydGggQ2Fyb2xpbmHikJ9EdXJoYW0gQ291bnR54pCfRHVyaGFt4pCfbmls4pCfbmls4pCfbmls4pCfbmls4pCfbmls4pCfbmls4pCfbmls4pCfbmls4pCfbmls4pCfbmls4pCfbmls4pCfbmls4pCfbmls4pCfbmls,8,bmls4pCfVVNB4pCfbmls4pCfbmls4pCfTm9ydGggQ2Fyb2xpbmHikJ9uaWzikJ9EdXJoYW3ikJ9uaWzikJ9uaWzikJ9uaWzikJ9uaWzikJ9uaWzikJ9uaWzikJ9uaWzikJ9uaWzikJ9uaWzikJ9uaWzikJ9uaWzikJ9uaWzikJ9uaWzikJ9uaWw=////bmls4pCfVVNB4pCfbmls4pCfbmls4pCfTm9ydGggQ2Fyb2xpbmHikJ9EdXJoYW0gQ291bnR54pCfRHVyaGFt4pCfbmls4pCfbmls4pCfbmls4pCfbmls4pCfbmls4pCfbmls4pCfbmls4pCfbmls4pCfbmls4pCfbmls4pCfbmls4pCfbmls4pCfbmls4pCfbmls
North America,USA,,,North Carolina,,Guntertown,,,,,,,,,,,,,,[sic],Tm9ydGggQW1lcmljYeKQn1VTQeKQn25pbOKQn25pbOKQn05vcnRoIENhcm9saW5h4pCfbmls4pCfR3VudGVydG93buKQn25pbOKQn25pbOKQn25pbOKQn25pbOKQn25pbOKQn25pbOKQn25pbOKQn25pbOKQn25pbOKQn25pbOKQn25pbOKQn25pbOKQn25pbOKQn1tzaWNd,continent: North America|||country: USA|||state: North Carolina|||city: Guntertown|||place_note: [sic],country: USA|||state: North Carolina|||city: Guntertown [sic],bmls4pCfVVNB4pCfbmls4pCfbmls4pCfTm9ydGggQ2Fyb2xpbmHikJ9uaWzikJ9HdW50ZXJ0b3duIFtzaWNd4pCfbmls4pCfbmls4pCfbmls4pCfbmls4pCfbmls4pCfbmls4pCfbmls4pCfbmls4pCfbmls4pCfbmls4pCfbmls4pCfbmls4pCfbmls4pCfbmls,2,bmls4pCfVVNB4pCfbmls4pCfbmls4pCfTm9ydGggQ2Fyb2xpbmHikJ9uaWzikJ9HdW50ZXJ0b3duIFtzaWNd4pCfbmls4pCfbmls4pCfbmls4pCfbmls4pCfbmls4pCfbmls4pCfbmls4pCfbmls4pCfbmls4pCfbmls4pCfbmls4pCfbmls4pCfbmls4pCfbmls
North America,USA,,,North Carolina,,Highlands,,,,,,,,,,,,,,,Tm9ydGggQW1lcmljYeKQn1VTQeKQn25pbOKQn25pbOKQn05vcnRoIENhcm9saW5h4pCfbmls4pCfSGlnaGxhbmRz4pCfbmls4pCfbmls4pCfbmls4pCfbmls4pCfbmls4pCfbmls4pCfbmls4pCfbmls4pCfbmls4pCfbmls4pCfbmls4pCfbmls4pCfbmls4pCfbmls,continent: North America|||country: USA|||state: North Carolina|||city: Highlands,country: USA|||state: North Carolina|||city: Highlands,bmls4pCfVVNB4pCfbmls4pCfbmls4pCfTm9ydGggQ2Fyb2xpbmHikJ9uaWzikJ9IaWdobGFuZHPikJ9uaWzikJ9uaWzikJ9uaWzikJ9uaWzikJ9uaWzikJ9uaWzikJ9uaWzikJ9uaWzikJ9uaWzikJ9uaWzikJ9uaWzikJ9uaWzikJ9uaWzikJ9uaWw=,1,bmls4pCfVVNB4pCfbmls4pCfbmls4pCfTm9ydGggQ2Fyb2xpbmHikJ9uaWzikJ9IaWdobGFuZHPikJ9uaWzikJ9uaWzikJ9uaWzikJ9uaWzikJ9uaWzikJ9uaWzikJ9uaWzikJ9uaWzikJ9uaWzikJ9uaWzikJ9uaWzikJ9uaWzikJ9uaWzikJ9uaWw=
North America,USA,,,North Carolina,,Hot Springs,,,,,,,,,,,,,,,Tm9ydGggQW1lcmljYeKQn1VTQeKQn25pbOKQn25pbOKQn05vcnRoIENhcm9saW5h4pCfbmls4pCfSG90IFNwcmluZ3PikJ9uaWzikJ9uaWzikJ9uaWzikJ9uaWzikJ9uaWzikJ9uaWzikJ9uaWzikJ9uaWzikJ9uaWzikJ9uaWzikJ9uaWzikJ9uaWzikJ9uaWzikJ9uaWw=,continent: North America|||country: USA|||state: North Carolina|||city: Hot Springs,country: USA|||state: North Carolina|||city: Hot Springs,bmls4pCfVVNB4pCfbmls4pCfbmls4pCfTm9ydGggQ2Fyb2xpbmHikJ9uaWzikJ9Ib3QgU3ByaW5nc+KQn25pbOKQn25pbOKQn25pbOKQn25pbOKQn25pbOKQn25pbOKQn25pbOKQn25pbOKQn25pbOKQn25pbOKQn25pbOKQn25pbOKQn25pbOKQn25pbA==,2,bmls4pCfVVNB4pCfbmls4pCfbmls4pCfTm9ydGggQ2Fyb2xpbmHikJ9uaWzikJ9Ib3QgU3ByaW5nc+KQn25pbOKQn25pbOKQn25pbOKQn25pbOKQn25pbOKQn25pbOKQn25pbOKQn25pbOKQn25pbOKQn25pbOKQn25pbOKQn25pbOKQn25pbOKQn25pbA==
North America,USA,,,North Carolina,,Jacksonville,,,,,,,,,,,,,,,Tm9ydGggQW1lcmljYeKQn1VTQeKQn25pbOKQn25pbOKQn05vcnRoIENhcm9saW5h4pCfbmls4pCfSmFja3NvbnZpbGxl4pCfbmls4pCfbmls4pCfbmls4pCfbmls4pCfbmls4pCfbmls4pCfbmls4pCfbmls4pCfbmls4pCfbmls4pCfbmls4pCfbmls4pCfbmls4pCfbmls,continent: North America|||country: USA|||state: North Carolina|||city: Jacksonville,country: USA|||state: North Carolina|||city: Jacksonville,bmls4pCfVVNB4pCfbmls4pCfbmls4pCfTm9ydGggQ2Fyb2xpbmHikJ9uaWzikJ9KYWNrc29udmlsbGXikJ9uaWzikJ9uaWzikJ9uaWzikJ9uaWzikJ9uaWzikJ9uaWzikJ9uaWzikJ9uaWzikJ9uaWzikJ9uaWzikJ9uaWzikJ9uaWzikJ9uaWzikJ9uaWw=,1,bmls4pCfVVNB4pCfbmls4pCfbmls4pCfTm9ydGggQ2Fyb2xpbmHikJ9uaWzikJ9KYWNrc29udmlsbGXikJ9uaWzikJ9uaWzikJ9uaWzikJ9uaWzikJ9uaWzikJ9uaWzikJ9uaWzikJ9uaWzikJ9uaWzikJ9uaWzikJ9uaWzikJ9uaWzikJ9uaWzikJ9uaWw=
North America,USA,,,North Carolina,,Kitty Hawk,,,,,,,,,,,,,,,Tm9ydGggQW1lcmljYeKQn1VTQeKQn25pbOKQn25pbOKQn05vcnRoIENhcm9saW5h4pCfbmls4pCfS2l0dHkgSGF3a+KQn25pbOKQn25pbOKQn25pbOKQn25pbOKQn25pbOKQn25pbOKQn25pbOKQn25pbOKQn25pbOKQn25pbOKQn25pbOKQn25pbOKQn25pbOKQn25pbA==,continent: North America|||country: USA|||state: North Carolina|||city: Kitty Hawk,country: USA|||state: North Carolina|||city: Kitty Hawk,bmls4pCfVVNB4pCfbmls4pCfbmls4pCfTm9ydGggQ2Fyb2xpbmHikJ9uaWzikJ9LaXR0eSBIYXdr4pCfbmls4pCfbmls4pCfbmls4pCfbmls4pCfbmls4pCfbmls4pCfbmls4pCfbmls4pCfbmls4pCfbmls4pCfbmls4pCfbmls4pCfbmls4pCfbmls,1,bmls4pCfVVNB4pCfbmls4pCfbmls4pCfTm9ydGggQ2Fyb2xpbmHikJ9uaWzikJ9LaXR0eSBIYXdr4pCfbmls4pCfbmls4pCfbmls4pCfbmls4pCfbmls4pCfbmls4pCfbmls4pCfbmls4pCfbmls4pCfbmls4pCfbmls4pCfbmls4pCfbmls4pCfbmls
North America,USA,,,North Carolina,,Marshall,,,,,,,,,,,,,,,Tm9ydGggQW1lcmljYeKQn1VTQeKQn25pbOKQn25pbOKQn05vcnRoIENhcm9saW5h4pCfbmls4pCfTWFyc2hhbGzikJ9uaWzikJ9uaWzikJ9uaWzikJ9uaWzikJ9uaWzikJ9uaWzikJ9uaWzikJ9uaWzikJ9uaWzikJ9uaWzikJ9uaWzikJ9uaWzikJ9uaWzikJ9uaWw=,continent: North America|||country: USA|||state: North Carolina|||city: Marshall,country: USA|||state: North Carolina|||city: Marshall,bmls4pCfVVNB4pCfbmls4pCfbmls4pCfTm9ydGggQ2Fyb2xpbmHikJ9uaWzikJ9NYXJzaGFsbOKQn25pbOKQn25pbOKQn25pbOKQn25pbOKQn25pbOKQn25pbOKQn25pbOKQn25pbOKQn25pbOKQn25pbOKQn25pbOKQn25pbOKQn25pbOKQn25pbA==,24,bmls4pCfVVNB4pCfbmls4pCfbmls4pCfTm9ydGggQ2Fyb2xpbmHikJ9uaWzikJ9NYXJzaGFsbOKQn25pbOKQn25pbOKQn25pbOKQn25pbOKQn25pbOKQn25pbOKQn25pbOKQn25pbOKQn25pbOKQn25pbOKQn25pbOKQn25pbOKQn25pbOKQn25pbA==
North America,USA,,,North Carolina,,Morganton,,,,,,,,,,,,,,,Tm9ydGggQW1lcmljYeKQn1VTQeKQn25pbOKQn25pbOKQn05vcnRoIENhcm9saW5h4pCfbmls4pCfTW9yZ2FudG9u4pCfbmls4pCfbmls4pCfbmls4pCfbmls4pCfbmls4pCfbmls4pCfbmls4pCfbmls4pCfbmls4pCfbmls4pCfbmls4pCfbmls4pCfbmls4pCfbmls,continent: North America|||country: USA|||state: North Carolina|||city: Morganton,country: USA|||state: North Carolina|||city: Morganton,bmls4pCfVVNB4pCfbmls4pCfbmls4pCfTm9ydGggQ2Fyb2xpbmHikJ9uaWzikJ9Nb3JnYW50b27ikJ9uaWzikJ9uaWzikJ9uaWzikJ9uaWzikJ9uaWzikJ9uaWzikJ9uaWzikJ9uaWzikJ9uaWzikJ9uaWzikJ9uaWzikJ9uaWzikJ9uaWzikJ9uaWw=,1,bmls4pCfVVNB4pCfbmls4pCfbmls4pCfTm9ydGggQ2Fyb2xpbmHikJ9uaWzikJ9Nb3JnYW50b27ikJ9uaWzikJ9uaWzikJ9uaWzikJ9uaWzikJ9uaWzikJ9uaWzikJ9uaWzikJ9uaWzikJ9uaWzikJ9uaWzikJ9uaWzikJ9uaWzikJ9uaWzikJ9uaWw=
North America,USA,,,North Carolina,,Penland,,,,,,,,,,,,,,,Tm9ydGggQW1lcmljYeKQn1VTQeKQn25pbOKQn25pbOKQn05vcnRoIENhcm9saW5h4pCfbmls4pCfUGVubGFuZOKQn25pbOKQn25pbOKQn25pbOKQn25pbOKQn25pbOKQn25pbOKQn25pbOKQn25pbOKQn25pbOKQn25pbOKQn25pbOKQn25pbOKQn25pbOKQn25pbA==,continent: North America|||country: USA|||state: North Carolina|||city: Penland,country: USA|||state: North Carolina|||city: PENLAND////country: USA|||state: North Carolina|||city: Penland,bmls4pCfVVNB4pCfbmls4pCfbmls4pCfTm9ydGggQ2Fyb2xpbmHikJ9uaWzikJ9QRU5MQU5E4pCfbmls4pCfbmls4pCfbmls4pCfbmls4pCfbmls4pCfbmls4pCfbmls4pCfbmls4pCfbmls4pCfbmls4pCfbmls4pCfbmls4pCfbmls4pCfbmls////bmls4pCfVVNB4pCfbmls4pCfbmls4pCfTm9ydGggQ2Fyb2xpbmHikJ9uaWzikJ9QZW5sYW5k4pCfbmls4pCfbmls4pCfbmls4pCfbmls4pCfbmls4pCfbmls4pCfbmls4pCfbmls4pCfbmls4pCfbmls4pCfbmls4pCfbmls4pCfbmls4pCfbmls,5,bmls4pCfVVNB4pCfbmls4pCfbmls4pCfTm9ydGggQ2Fyb2xpbmHikJ9uaWzikJ9QRU5MQU5E4pCfbmls4pCfbmls4pCfbmls4pCfbmls4pCfbmls4pCfbmls4pCfbmls4pCfbmls4pCfbmls4pCfbmls4pCfbmls4pCfbmls4pCfbmls4pCfbmls////bmls4pCfVVNB4pCfbmls4pCfbmls4pCfTm9ydGggQ2Fyb2xpbmHikJ9uaWzikJ9QZW5sYW5k4pCfbmls4pCfbmls4pCfbmls4pCfbmls4pCfbmls4pCfbmls4pCfbmls4pCfbmls4pCfbmls4pCfbmls4pCfbmls4pCfbmls4pCfbmls4pCfbmls
North America,USA,,,North Carolina,Wake County,Raleigh,,,,,,,,,,,,,,,Tm9ydGggQW1lcmljYeKQn1VTQeKQn25pbOKQn25pbOKQn05vcnRoIENhcm9saW5h4pCfV2FrZSBDb3VudHnikJ9SYWxlaWdo4pCfbmls4pCfbmls4pCfbmls4pCfbmls4pCfbmls4pCfbmls4pCfbmls4pCfbmls4pCfbmls4pCfbmls4pCfbmls4pCfbmls4pCfbmls4pCfbmls,continent: North America|||country: USA|||state: North Carolina|||county: Wake County|||city: Raleigh,country: USA|||state: North Carolina|||city: Raleigh////country: United States|||state: North Carolina|||county: Wake County|||city: Raleigh,bmls4pCfVVNB4pCfbmls4pCfbmls4pCfTm9ydGggQ2Fyb2xpbmHikJ9uaWzikJ9SYWxlaWdo4pCfbmls4pCfbmls4pCfbmls4pCfbmls4pCfbmls4pCfbmls4pCfbmls4pCfbmls4pCfbmls4pCfbmls4pCfbmls4pCfbmls4pCfbmls4pCfbmls////bmls4pCfVW5pdGVkIFN0YXRlc+KQn25pbOKQn25pbOKQn05vcnRoIENhcm9saW5h4pCfV2FrZSBDb3VudHnikJ9SYWxlaWdo4pCfbmls4pCfbmls4pCfbmls4pCfbmls4pCfbmls4pCfbmls4pCfbmls4pCfbmls4pCfbmls4pCfbmls4pCfbmls4pCfbmls4pCfbmls4pCfbmls,4,bmls4pCfVVNB4pCfbmls4pCfbmls4pCfTm9ydGggQ2Fyb2xpbmHikJ9uaWzikJ9SYWxlaWdo4pCfbmls4pCfbmls4pCfbmls4pCfbmls4pCfbmls4pCfbmls4pCfbmls4pCfbmls4pCfbmls4pCfbmls4pCfbmls4pCfbmls4pCfbmls4pCfbmls////bmls4pCfVW5pdGVkIFN0YXRlc+KQn25pbOKQn25pbOKQn05vcnRoIENhcm9saW5h4pCfV2FrZSBDb3VudHnikJ9SYWxlaWdo4pCfbmls4pCfbmls4pCfbmls4pCfbmls4pCfbmls4pCfbmls4pCfbmls4pCfbmls4pCfbmls4pCfbmls4pCfbmls4pCfbmls4pCfbmls4pCfbmls
North America,USA,,,North Carolina,,Shelton Laurel,,,,,,,,,,,,,,,Tm9ydGggQW1lcmljYeKQn1VTQeKQn25pbOKQn25pbOKQn05vcnRoIENhcm9saW5h4pCfbmls4pCfU2hlbHRvbiBMYXVyZWzikJ9uaWzikJ9uaWzikJ9uaWzikJ9uaWzikJ9uaWzikJ9uaWzikJ9uaWzikJ9uaWzikJ9uaWzikJ9uaWzikJ9uaWzikJ9uaWzikJ9uaWzikJ9uaWw=,continent: North America|||country: USA|||state: North Carolina|||city: Shelton Laurel,country: USA|||state: North Carolina|||city: Shelton Laurel,bmls4pCfVVNB4pCfbmls4pCfbmls4pCfTm9ydGggQ2Fyb2xpbmHikJ9uaWzikJ9TaGVsdG9uIExhdXJlbOKQn25pbOKQn25pbOKQn25pbOKQn25pbOKQn25pbOKQn25pbOKQn25pbOKQn25pbOKQn25pbOKQn25pbOKQn25pbOKQn25pbOKQn25pbOKQn25pbA==,2,bmls4pCfVVNB4pCfbmls4pCfbmls4pCfTm9ydGggQ2Fyb2xpbmHikJ9uaWzikJ9TaGVsdG9uIExhdXJlbOKQn25pbOKQn25pbOKQn25pbOKQn25pbOKQn25pbOKQn25pbOKQn25pbOKQn25pbOKQn25pbOKQn25pbOKQn25pbOKQn25pbOKQn25pbOKQn25pbA==
North America,USA,,,North Carolina,,Spruce Pine,,,,,,,,,,,,,,,Tm9ydGggQW1lcmljYeKQn1VTQeKQn25pbOKQn25pbOKQn05vcnRoIENhcm9saW5h4pCfbmls4pCfU3BydWNlIFBpbmXikJ9uaWzikJ9uaWzikJ9uaWzikJ9uaWzikJ9uaWzikJ9uaWzikJ9uaWzikJ9uaWzikJ9uaWzikJ9uaWzikJ9uaWzikJ9uaWzikJ9uaWzikJ9uaWw=,continent: North America|||country: USA|||state: North Carolina|||city: Spruce Pine,country: USA|||state: North Carolina|||city: Spruce Pine,bmls4pCfVVNB4pCfbmls4pCfbmls4pCfTm9ydGggQ2Fyb2xpbmHikJ9uaWzikJ9TcHJ1Y2UgUGluZeKQn25pbOKQn25pbOKQn25pbOKQn25pbOKQn25pbOKQn25pbOKQn25pbOKQn25pbOKQn25pbOKQn25pbOKQn25pbOKQn25pbOKQn25pbOKQn25pbA==,2,bmls4pCfVVNB4pCfbmls4pCfbmls4pCfTm9ydGggQ2Fyb2xpbmHikJ9uaWzikJ9TcHJ1Y2UgUGluZeKQn25pbOKQn25pbOKQn25pbOKQn25pbOKQn25pbOKQn25pbOKQn25pbOKQn25pbOKQn25pbOKQn25pbOKQn25pbOKQn25pbOKQn25pbOKQn25pbA==
North America,USA,,,North Carolina,Granville County,Stem,,,,,,,,,,,,,,,Tm9ydGggQW1lcmljYeKQn1VTQeKQn25pbOKQn25pbOKQn05vcnRoIENhcm9saW5h4pCfR3JhbnZpbGxlIENvdW50eeKQn1N0ZW3ikJ9uaWzikJ9uaWzikJ9uaWzikJ9uaWzikJ9uaWzikJ9uaWzikJ9uaWzikJ9uaWzikJ9uaWzikJ9uaWzikJ9uaWzikJ9uaWzikJ9uaWzikJ9uaWw=,continent: North America|||country: USA|||state: North Carolina|||county: Granville County|||city: Stem,country: USA|||state: North Carolina|||city: Stem,bmls4pCfVVNB4pCfbmls4pCfbmls4pCfTm9ydGggQ2Fyb2xpbmHikJ9uaWzikJ9TdGVt4pCfbmls4pCfbmls4pCfbmls4pCfbmls4pCfbmls4pCfbmls4pCfbmls4pCfbmls4pCfbmls4pCfbmls4pCfbmls4pCfbmls4pCfbmls4pCfbmls,1,bmls4pCfVVNB4pCfbmls4pCfbmls4pCfTm9ydGggQ2Fyb2xpbmHikJ9uaWzikJ9TdGVt4pCfbmls4pCfbmls4pCfbmls4pCfbmls4pCfbmls4pCfbmls4pCfbmls4pCfbmls4pCfbmls4pCfbmls4pCfbmls4pCfbmls4pCfbmls4pCfbmls
North America,USA,,,North Carolina,Granville County,Stem,,,,,,,,,,,,,,as Tallyho,Tm9ydGggQW1lcmljYeKQn1VTQeKQn25pbOKQn25pbOKQn05vcnRoIENhcm9saW5h4pCfR3JhbnZpbGxlIENvdW50eeKQn1N0ZW3ikJ9uaWzikJ9uaWzikJ9uaWzikJ9uaWzikJ9uaWzikJ9uaWzikJ9uaWzikJ9uaWzikJ9uaWzikJ9uaWzikJ9uaWzikJ9uaWzikJ9uaWzikJ9hcyBUYWxseWhv,continent: North America|||country: USA|||state: North Carolina|||county: Granville County|||city: Stem|||place_note: as Tallyho,"country: USA|||state: North Carolina|||city: Tallyho////country: USA|||state: North Carolina|||city: Tallyho , Granville County////country: USA|||state: North Carolina|||city: Tallyho , Granville County|||notes: Stem",bmls4pCfVVNB4pCfbmls4pCfbmls4pCfTm9ydGggQ2Fyb2xpbmHikJ9uaWzikJ9UYWxseWhv4pCfbmls4pCfbmls4pCfbmls4pCfbmls4pCfbmls4pCfbmls4pCfbmls4pCfbmls4pCfbmls4pCfbmls4pCfbmls4pCfbmls4pCfbmls4pCfbmls////bmls4pCfVVNB4pCfbmls4pCfbmls4pCfTm9ydGggQ2Fyb2xpbmHikJ9uaWzikJ9UYWxseWhvICwgR3JhbnZpbGxlIENvdW50eeKQn25pbOKQn25pbOKQn25pbOKQn25pbOKQn25pbOKQn25pbOKQn25pbOKQn25pbOKQn25pbOKQn25pbOKQn25pbOKQn25pbOKQn25pbOKQn25pbA==////bmls4pCfVVNB4pCfbmls4pCfbmls4pCfTm9ydGggQ2Fyb2xpbmHikJ9uaWzikJ9UYWxseWhvICwgR3JhbnZpbGxlIENvdW50eeKQn25pbOKQn25pbOKQn25pbOKQn1N0ZW3ikJ9uaWzikJ9uaWzikJ9uaWzikJ9uaWzikJ9uaWzikJ9uaWzikJ9uaWzikJ9uaWzikJ9uaWzikJ9uaWw=,3,bmls4pCfVVNB4pCfbmls4pCfbmls4pCfTm9ydGggQ2Fyb2xpbmHikJ9uaWzikJ9UYWxseWhv4pCfbmls4pCfbmls4pCfbmls4pCfbmls4pCfbmls4pCfbmls4pCfbmls4pCfbmls4pCfbmls4pCfbmls4pCfbmls4pCfbmls4pCfbmls4pCfbmls////bmls4pCfVVNB4pCfbmls4pCfbmls4pCfTm9ydGggQ2Fyb2xpbmHikJ9uaWzikJ9UYWxseWhvICwgR3JhbnZpbGxlIENvdW50eeKQn25pbOKQn25pbOKQn25pbOKQn25pbOKQn25pbOKQn25pbOKQn25pbOKQn25pbOKQn25pbOKQn25pbOKQn25pbOKQn25pbOKQn25pbOKQn25pbA==////bmls4pCfVVNB4pCfbmls4pCfbmls4pCfTm9ydGggQ2Fyb2xpbmHikJ9uaWzikJ9UYWxseWhvICwgR3JhbnZpbGxlIENvdW50eeKQn25pbOKQn25pbOKQn25pbOKQn1N0ZW3ikJ9uaWzikJ9uaWzikJ9uaWzikJ9uaWzikJ9uaWzikJ9uaWzikJ9uaWzikJ9uaWzikJ9uaWzikJ9uaWw=
North America,USA,,,North Carolina,,Wadesboro,,,,,,,,,,,,,,,Tm9ydGggQW1lcmljYeKQn1VTQeKQn25pbOKQn25pbOKQn05vcnRoIENhcm9saW5h4pCfbmls4pCfV2FkZXNib3Jv4pCfbmls4pCfbmls4pCfbmls4pCfbmls4pCfbmls4pCfbmls4pCfbmls4pCfbmls4pCfbmls4pCfbmls4pCfbmls4pCfbmls4pCfbmls4pCfbmls,continent: North America|||country: USA|||state: North Carolina|||city: Wadesboro,country: USA|||state: North Carolina|||city: Wadesboro,bmls4pCfVVNB4pCfbmls4pCfbmls4pCfTm9ydGggQ2Fyb2xpbmHikJ9uaWzikJ9XYWRlc2Jvcm/ikJ9uaWzikJ9uaWzikJ9uaWzikJ9uaWzikJ9uaWzikJ9uaWzikJ9uaWzikJ9uaWzikJ9uaWzikJ9uaWzikJ9uaWzikJ9uaWzikJ9uaWzikJ9uaWw=,2,bmls4pCfVVNB4pCfbmls4pCfbmls4pCfTm9ydGggQ2Fyb2xpbmHikJ9uaWzikJ9XYWRlc2Jvcm/ikJ9uaWzikJ9uaWzikJ9uaWzikJ9uaWzikJ9uaWzikJ9uaWzikJ9uaWzikJ9uaWzikJ9uaWzikJ9uaWzikJ9uaWzikJ9uaWzikJ9uaWzikJ9uaWw=
North America,USA,,,North Carolina,,Wendell,,,,,,,,,,,,,,,Tm9ydGggQW1lcmljYeKQn1VTQeKQn25pbOKQn25pbOKQn05vcnRoIENhcm9saW5h4pCfbmls4pCfV2VuZGVsbOKQn25pbOKQn25pbOKQn25pbOKQn25pbOKQn25pbOKQn25pbOKQn25pbOKQn25pbOKQn25pbOKQn25pbOKQn25pbOKQn25pbOKQn25pbOKQn25pbA==,continent: North America|||country: USA|||state: North Carolina|||city: Wendell,country: USA|||state: North Carolina|||city: Wendell,bmls4pCfVVNB4pCfbmls4pCfbmls4pCfTm9ydGggQ2Fyb2xpbmHikJ9uaWzikJ9XZW5kZWxs4pCfbmls4pCfbmls4pCfbmls4pCfbmls4pCfbmls4pCfbmls4pCfbmls4pCfbmls4pCfbmls4pCfbmls4pCfbmls4pCfbmls4pCfbmls4pCfbmls,4,bmls4pCfVVNB4pCfbmls4pCfbmls4pCfTm9ydGggQ2Fyb2xpbmHikJ9uaWzikJ9XZW5kZWxs4pCfbmls4pCfbmls4pCfbmls4pCfbmls4pCfbmls4pCfbmls4pCfbmls4pCfbmls4pCfbmls4pCfbmls4pCfbmls4pCfbmls4pCfbmls4pCfbmls
North America,USA,,,North Carolina,,Wing,,,,,,,,,,,,,,,Tm9ydGggQW1lcmljYeKQn1VTQeKQn25pbOKQn25pbOKQn05vcnRoIENhcm9saW5h4pCfbmls4pCfV2luZ+KQn25pbOKQn25pbOKQn25pbOKQn25pbOKQn25pbOKQn25pbOKQn25pbOKQn25pbOKQn25pbOKQn25pbOKQn25pbOKQn25pbOKQn25pbOKQn25pbA==,continent: North America|||country: USA|||state: North Carolina|||city: Wing,country: USA|||state: North Carolina|||city: Wing,bmls4pCfVVNB4pCfbmls4pCfbmls4pCfTm9ydGggQ2Fyb2xpbmHikJ9uaWzikJ9XaW5n4pCfbmls4pCfbmls4pCfbmls4pCfbmls4pCfbmls4pCfbmls4pCfbmls4pCfbmls4pCfbmls4pCfbmls4pCfbmls4pCfbmls4pCfbmls4pCfbmls,1,bmls4pCfVVNB4pCfbmls4pCfbmls4pCfTm9ydGggQ2Fyb2xpbmHikJ9uaWzikJ9XaW5n4pCfbmls4pCfbmls4pCfbmls4pCfbmls4pCfbmls4pCfbmls4pCfbmls4pCfbmls4pCfbmls4pCfbmls4pCfbmls4pCfbmls4pCfbmls4pCfbmls
North America,USA,,,North Carolina,,Yanceyville,,,,,,,,,,,,,,,Tm9ydGggQW1lcmljYeKQn1VTQeKQn25pbOKQn25pbOKQn05vcnRoIENhcm9saW5h4pCfbmls4pCfWWFuY2V5dmlsbGXikJ9uaWzikJ9uaWzikJ9uaWzikJ9uaWzikJ9uaWzikJ9uaWzikJ9uaWzikJ9uaWzikJ9uaWzikJ9uaWzikJ9uaWzikJ9uaWzikJ9uaWzikJ9uaWw=,continent: North America|||country: USA|||state: North Carolina|||city: Yanceyville,country: USA|||state: North Carolina|||city: Yanceyville,bmls4pCfVVNB4pCfbmls4pCfbmls4pCfTm9ydGggQ2Fyb2xpbmHikJ9uaWzikJ9ZYW5jZXl2aWxsZeKQn25pbOKQn25pbOKQn25pbOKQn25pbOKQn25pbOKQn25pbOKQn25pbOKQn25pbOKQn25pbOKQn25pbOKQn25pbOKQn25pbOKQn25pbOKQn25pbA==,2,bmls4pCfVVNB4pCfbmls4pCfbmls4pCfTm9ydGggQ2Fyb2xpbmHikJ9uaWzikJ9ZYW5jZXl2aWxsZeKQn25pbOKQn25pbOKQn25pbOKQn25pbOKQn25pbOKQn25pbOKQn25pbOKQn25pbOKQn25pbOKQn25pbOKQn25pbOKQn25pbOKQn25pbOKQn25pbA==
North America,USA,,,North Carolina,,Waynesville,,,,,,,,,,,,,,,Tm9ydGggQW1lcmljYeKQn1VTQeKQn25pbOKQn25pbOKQn05vcnRoIENhcm9saW5h4pCfbmls4pCfV2F5bmVzdmlsbGXikJ9uaWzikJ9uaWzikJ9uaWzikJ9uaWzikJ9uaWzikJ9uaWzikJ9uaWzikJ9uaWzikJ9uaWzikJ9uaWzikJ9uaWzikJ9uaWzikJ9uaWzikJ9uaWw=,continent: North America|||country: USA|||state: North Carolina|||city: Waynesville,country: United States of America|||state: North Carolina|||city: Waynesville,bmls4pCfVW5pdGVkIFN0YXRlcyBvZiBBbWVyaWNh4pCfbmls4pCfbmls4pCfTm9ydGggQ2Fyb2xpbmHikJ9uaWzikJ9XYXluZXN2aWxsZeKQn25pbOKQn25pbOKQn25pbOKQn25pbOKQn25pbOKQn25pbOKQn25pbOKQn25pbOKQn25pbOKQn25pbOKQn25pbOKQn25pbOKQn25pbOKQn25pbA==,1,bmls4pCfVW5pdGVkIFN0YXRlcyBvZiBBbWVyaWNh4pCfbmls4pCfbmls4pCfTm9ydGggQ2Fyb2xpbmHikJ9uaWzikJ9XYXluZXN2aWxsZeKQn25pbOKQn25pbOKQn25pbOKQn25pbOKQn25pbOKQn25pbOKQn25pbOKQn25pbOKQn25pbOKQn25pbOKQn25pbOKQn25pbOKQn25pbOKQn25pbA==
North America,USA,,,North Carolina,Burke County,Salem,,,,,,,,,,,,,,,Tm9ydGggQW1lcmljYeKQn1VTQeKQn25pbOKQn25pbOKQn05vcnRoIENhcm9saW5h4pCfQnVya2UgQ291bnR54pCfU2FsZW3ikJ9uaWzikJ9uaWzikJ9uaWzikJ9uaWzikJ9uaWzikJ9uaWzikJ9uaWzikJ9uaWzikJ9uaWzikJ9uaWzikJ9uaWzikJ9uaWzikJ9uaWzikJ9uaWw=,continent: North America|||country: USA|||state: North Carolina|||county: Burke County|||city: Salem,country: United States|||state: North Carolina|||county: Burke County|||city: Salem,bmls4pCfVW5pdGVkIFN0YXRlc+KQn25pbOKQn25pbOKQn05vcnRoIENhcm9saW5h4pCfQnVya2UgQ291bnR54pCfU2FsZW3ikJ9uaWzikJ9uaWzikJ9uaWzikJ9uaWzikJ9uaWzikJ9uaWzikJ9uaWzikJ9uaWzikJ9uaWzikJ9uaWzikJ9uaWzikJ9uaWzikJ9uaWzikJ9uaWw=,1,bmls4pCfVW5pdGVkIFN0YXRlc+KQn25pbOKQn25pbOKQn05vcnRoIENhcm9saW5h4pCfQnVya2UgQ291bnR54pCfU2FsZW3ikJ9uaWzikJ9uaWzikJ9uaWzikJ9uaWzikJ9uaWzikJ9uaWzikJ9uaWzikJ9uaWzikJ9uaWzikJ9uaWzikJ9uaWzikJ9uaWzikJ9uaWzikJ9uaWw=
North America,USA,,,North Carolina,Chatham County,Silk Hope,,Community Center,,,,,,,,,,,,,Tm9ydGggQW1lcmljYeKQn1VTQeKQn25pbOKQn25pbOKQn05vcnRoIENhcm9saW5h4pCfQ2hhdGhhbSBDb3VudHnikJ9TaWxrIEhvcGXikJ9uaWzikJ9Db21tdW5pdHkgQ2VudGVy4pCfbmls4pCfbmls4pCfbmls4pCfbmls4pCfbmls4pCfbmls4pCfbmls4pCfbmls4pCfbmls4pCfbmls4pCfbmls4pCfbmls,continent: North America|||country: USA|||state: North Carolina|||county: Chatham County|||city: Silk Hope|||building: Community Center,state: North Carolina|||county: Chatham County|||city: Silk Hope|||building: Community Center,bmls4pCfbmls4pCfbmls4pCfbmls4pCfTm9ydGggQ2Fyb2xpbmHikJ9DaGF0aGFtIENvdW50eeKQn1NpbGsgSG9wZeKQn25pbOKQn0NvbW11bml0eSBDZW50ZXLikJ9uaWzikJ9uaWzikJ9uaWzikJ9uaWzikJ9uaWzikJ9uaWzikJ9uaWzikJ9uaWzikJ9uaWzikJ9uaWzikJ9uaWzikJ9uaWw=,2,bmls4pCfbmls4pCfbmls4pCfbmls4pCfTm9ydGggQ2Fyb2xpbmHikJ9DaGF0aGFtIENvdW50eeKQn1NpbGsgSG9wZeKQn25pbOKQn0NvbW11bml0eSBDZW50ZXLikJ9uaWzikJ9uaWzikJ9uaWzikJ9uaWzikJ9uaWzikJ9uaWzikJ9uaWzikJ9uaWzikJ9uaWzikJ9uaWzikJ9uaWzikJ9uaWw=
North America,USA,,,North Carolina,Chatham County,Silk Hope,,Community Center,,,,,,,,,,next to,,,Tm9ydGggQW1lcmljYeKQn1VTQeKQn25pbOKQn25pbOKQn05vcnRoIENhcm9saW5h4pCfQ2hhdGhhbSBDb3VudHnikJ9TaWxrIEhvcGXikJ9uaWzikJ9Db21tdW5pdHkgQ2VudGVy4pCfbmls4pCfbmls4pCfbmls4pCfbmls4pCfbmls4pCfbmls4pCfbmls4pCfbmls4pCfbmls4pCfbmV4dCB0b+KQn25pbOKQn25pbA==,continent: North America|||country: USA|||state: North Carolina|||county: Chatham County|||city: Silk Hope|||building: Community Center|||proximity_note: next to,state: North Carolina|||county: Chatham County|||city: Silk Hope|||building: next to Community Center,bmls4pCfbmls4pCfbmls4pCfbmls4pCfTm9ydGggQ2Fyb2xpbmHikJ9DaGF0aGFtIENvdW50eeKQn1NpbGsgSG9wZeKQn25pbOKQn25leHQgdG8gQ29tbXVuaXR5IENlbnRlcuKQn25pbOKQn25pbOKQn25pbOKQn25pbOKQn25pbOKQn25pbOKQn25pbOKQn25pbOKQn25pbOKQn25pbOKQn25pbOKQn25pbA==,5,bmls4pCfbmls4pCfbmls4pCfbmls4pCfTm9ydGggQ2Fyb2xpbmHikJ9DaGF0aGFtIENvdW50eeKQn1NpbGsgSG9wZeKQn25pbOKQn25leHQgdG8gQ29tbXVuaXR5IENlbnRlcuKQn25pbOKQn25pbOKQn25pbOKQn25pbOKQn25pbOKQn25pbOKQn25pbOKQn25pbOKQn25pbOKQn25pbOKQn25pbOKQn25pbA==
